2a65A,hm2,1,52,L,67,82,2,38.90,2.54,-2.29,2.96,5.57,2.96,0
2a65A,hm2,1,108,Y,67,82,2,14.35,12.12,3.20,8.38,11.08,8.38,0
2a65A,hm2,1,110,Y,67,82,2,10.85,14.69,5.80,7.93,9.07,7.93,0
2a65A,hm2,1,111,I,67,82,2,14.06,15.51,6.97,6.21,7.75,6.21,0
2a65A,hm2,1,114,W,67,82,2,12.96,20.08,8.94,7.76,10.52,7.76,0
2a65A,hm2,1,124,V,67,82,2,12.24,34.82,12.40,1.32,3.86,1.32,0
2a65A,hm2,1,167,F,67,82,2,4.13,23.77,10.58,3.60,5.20,3.60,0
2a65A,hm2,1,173,L,67,82,2,4.13,20.59,1.39,2.63,4.25,2.63,0
2a65A,hm2,1,177,F,67,82,2,6.63,21.70,-4.17,2.38,4.22,2.38,0
2a65A,hm2,1,180,V,67,82,2,8.32,19.43,-8.18,5.74,7.24,5.74,0
2a65A,hm2,1,197,I,67,82,2,22.95,27.31,-7.74,2.27,5.46,2.27,0
2a65A,hm2,1,200,P,67,82,2,27.87,27.32,-4.75,2.22,5.08,2.22,0
2a65A,hm2,1,201,T,67,82,2,25.72,27.95,-2.07,3.70,5.77,3.70,0
2a65A,hm2,1,203,F,67,82,2,30.06,25.88,-0.43,3.77,5.52,3.77,0
2a65A,hm2,1,204,I,67,82,2,29.70,29.12,0.93,2.10,4.54,2.10,0
2a65A,hm2,1,207,V,67,82,2,32.89,27.65,4.66,2.91,5.34,2.91,0
2a65A,hm2,1,208,F,67,82,2,31.33,29.98,6.76,3.17,5.54,3.17,0
2a65A,hm2,1,211,I,67,82,2,35.01,29.59,10.20,1.83,3.69,1.83,0
2a65A,hm2,1,239,K,67,82,2,39.09,-5.77,14.56,0.73,3.39,0.73,0
2a65A,hm2,1,240,D,67,82,2,35.85,-4.10,14.58,2.79,5.32,2.79,0
2a65A,hm2,1,249,G,67,82,2,27.32,2.37,5.21,6.38,8.43,6.38,0
2a65A,hm2,1,250,Q,67,82,2,28.56,5.62,4.93,8.42,9.99,8.42,0
2a65A,hm2,1,253,F,67,82,2,25.03,6.81,1.68,7.51,9.76,7.51,0
2a65A,hm2,1,277,L,67,82,2,36.50,11.70,-14.66,4.37,6.18,4.37,0
2a65A,hm2,1,280,L,67,82,2,35.83,10.76,-9.77,5.04,6.69,5.04,0
2a65A,hm2,1,287,E,67,82,2,34.64,13.63,0.20,5.64,7.84,5.64,0
2a65A,hm2,1,292,I,67,82,2,36.11,18.92,5.37,3.34,6.62,3.34,0
2a65A,hm2,1,293,L,67,82,2,32.85,20.25,5.87,8.13,9.77,8.13,0
2a65A,hm2,1,384,A,67,82,2,1.86,11.24,-4.71,3.55,3.56,2.28,1
2a65A,hm2,1,388,F,67,82,2,1.31,9.42,0.94,4.14,4.05,1.58,1
2a65A,hm2,1,391,H,67,82,2,2.30,9.57,6.68,3.93,5.20,2.57,1
2a65A,hm2,1,394,M,67,82,2,4.84,11.46,10.36,7.27,9.09,7.26,1
2a65A,hm2,1,395,F,67,82,2,2.73,9.23,12.55,6.13,6.18,4.86,1
2a65A,hm2,1,401,D,67,82,2,14.11,3.59,11.31,3.22,5.23,3.22,0
2a65A,hm2,1,404,D,67,82,2,16.54,3.26,6.99,6.01,9.19,6.01,0
2a65A,hm2,1,409,T,67,82,2,21.26,-0.10,4.93,5.50,8.04,5.50,0
2a65A,hm2,1,418,T,67,82,2,23.87,-7.09,-7.36,5.57,6.97,5.57,0
2a65A,hm2,1,421,I,67,82,2,27.32,-9.40,-10.33,4.59,5.83,4.59,0
2a65A,hm2,1,445,P,67,82,2,43.27,1.72,-12.87,1.15,3.13,1.15,0
2a65A,hm2,1,446,R,67,82,2,44.41,-1.74,-13.76,0.67,2.76,0.67,0
2a65A,hm2,1,447,I,67,82,2,43.99,-2.54,-10.27,1.13,2.87,1.13,0
2a65A,hm2,1,454,Y,67,82,2,37.31,-9.85,-6.42,2.45,3.58,2.45,0
2a65A,hm2,1,458,A,67,82,2,34.13,-10.29,-1.12,2.14,4.27,2.14,0
2a65A,hm2,1,461,A,67,82,2,29.69,-10.72,1.14,3.07,5.19,3.07,0
2a65A,hm2,1,462,V,67,82,2,31.22,-10.59,4.28,2.35,5.13,2.35,0
2a65A,hm2,1,465,V,67,82,2,27.02,-12.28,6.56,1.92,3.68,1.92,0
2a65A,hm2,1,466,V,67,82,2,27.86,-10.43,9.46,4.50,6.85,4.50,0
2a65A,hm2,1,469,R,67,82,2,24.55,-12.96,12.15,1.64,4.66,1.64,0
2a65A,hm2,1,470,E,67,82,2,25.61,-10.16,14.44,2.53,4.52,2.53,0
2a65A,hm2,1,473,P,67,82,2,18.39,-10.89,14.92,2.21,3.97,2.21,0
2a65A,hm2,1,484,W,67,82,2,5.10,-4.54,10.97,3.37,3.22,1.85,1
2a65A,hm2,1,485,I,67,82,2,3.63,-1.57,9.70,6.45,5.19,4.00,1
2a65A,hm2,1,491,I,67,82,2,6.29,-4.86,0.86,3.07,3.98,2.34,1
2a65A,hm2,1,495,L,67,82,2,4.49,-5.36,-5.17,4.40,4.00,2.08,1
2a65A,hm2,1,499,F,67,82,2,3.32,-4.67,-11.17,4.30,3.17,1.97,1
