2bs2C,hm2,0,40,F,3,9,2,13.97,12.65,-1.73,3.94,5.35,3.94,0
2bs2C,hm2,0,41,M,3,9,2,15.53,9.46,-1.33,5.45,6.60,5.45,0
2bs2C,hm2,0,43,G,3,9,2,17.61,12.64,2.02,1.83,4.47,1.83,0
2bs2C,hm2,0,44,H,3,9,2,15.82,9.93,3.28,3.02,6.39,3.02,0
2bs2C,hm2,0,47,F,3,9,2,17.66,11.05,8.05,3.58,5.64,3.58,0
2bs2C,hm2,0,52,L,3,9,2,23.97,5.40,13.62,4.12,6.53,4.12,0
2bs2C,hm2,0,85,F,3,9,2,3.05,15.36,-0.65,2.27,3.63,2.27,0
2bs2C,hm2,0,129,Q,3,9,2,12.67,0.19,-13.70,6.49,7.61,6.49,0
2bs2C,hm2,0,137,F,3,9,2,2.63,-0.11,-5.73,6.27,4.09,2.58,1
2bs2C,hm2,0,143,H,3,9,2,4.86,3.33,4.11,5.19,6.59,4.66,1
2bs2C,hm2,0,146,I,3,9,2,2.04,5.14,8.01,5.70,5.31,4.08,1
2bs2C,hm2,0,170,P,3,9,2,10.27,-7.43,5.01,1.83,2.33,1.04,1
2bs2C,hm2,0,172,Y,3,9,2,12.12,-2.64,4.06,5.61,7.68,5.61,0
2bs2C,hm2,0,226,L,3,9,2,23.21,-0.48,8.41,3.37,4.72,3.37,0
2bs2C,hm2,0,229,G,3,9,2,20.35,-3.35,11.54,2.78,4.80,2.78,0
