2nq2A,hm2,1,12,G,17,26,2,-34.06,-4.66,-8.09,2.28,2.57,2.28,0
2nq2A,hm2,1,15,L,17,26,2,-34.85,-3.90,-3.35,2.27,4.06,2.27,0
2nq2A,hm2,1,16,L,17,26,2,-31.99,-5.21,-1.83,4.22,4.57,4.22,0
2nq2A,hm2,1,17,L,17,26,2,-31.43,-2.19,-0.30,6.42,6.68,6.42,0
2nq2A,hm2,1,18,V,17,26,2,-34.39,-2.52,1.59,2.14,2.82,2.14,0
2nq2A,hm2,1,20,T,17,26,2,-30.86,-5.54,3.73,6.06,6.13,6.06,0
2nq2A,hm2,1,21,A,17,26,2,-31.89,-2.84,5.71,5.64,6.11,5.64,0
2nq2A,hm2,1,22,V,17,26,2,-34.44,-4.55,7.27,3.28,5.48,3.28,0
2nq2A,hm2,1,25,L,17,26,2,-32.70,-5.03,12.31,6.62,7.89,6.62,0
2nq2A,hm2,1,26,G,17,26,2,-32.05,-8.66,12.78,4.65,4.92,4.65,0
2nq2A,hm2,1,63,L,17,26,2,-30.00,3.18,11.63,4.68,4.78,4.68,0
2nq2A,hm2,1,67,L,17,26,2,-27.04,4.68,6.49,4.93,5.45,4.93,0
2nq2A,hm2,1,84,Q,17,26,2,-12.12,4.49,-14.34,8.04,9.13,8.04,0
2nq2A,hm2,1,90,P,17,26,2,-10.63,-1.15,-14.51,3.58,7.16,3.58,1
2nq2A,hm2,1,91,L,17,26,2,-7.58,-1.12,-12.25,2.98,3.35,1.83,1
2nq2A,hm2,1,93,N,17,26,2,-9.02,3.28,-7.43,7.19,8.46,7.18,1
2nq2A,hm2,1,95,H,17,26,2,-6.24,5.68,-4.31,6.04,7.54,6.04,0
2nq2A,hm2,1,96,I,17,26,2,-4.47,6.96,-7.33,6.79,8.05,6.79,0
2nq2A,hm2,1,121,F,17,26,2,-12.65,16.56,10.08,6.32,6.53,6.32,0
2nq2A,hm2,1,125,I,17,26,2,-10.37,17.47,4.61,7.53,8.11,7.53,0
2nq2A,hm2,1,132,L,17,26,2,-5.75,17.64,-4.87,8.28,8.91,8.28,0
2nq2A,hm2,1,133,A,17,26,2,-4.06,20.65,-4.95,2.49,4.17,2.49,0
2nq2A,hm2,1,134,L,17,26,2,-0.96,19.08,-5.28,5.07,5.55,5.07,0
2nq2A,hm2,1,136,F,17,26,2,-2.89,20.14,-9.65,3.85,4.95,3.85,0
2nq2A,hm2,1,138,F,17,26,2,2.20,19.20,-10.34,4.25,4.17,3.74,1
2nq2A,hm2,1,149,M,17,26,2,1.34,11.93,-14.54,2.75,3.71,2.19,1
2nq2A,hm2,1,150,L,17,26,2,-1.33,11.78,-12.21,6.54,7.07,6.54,0
2nq2A,hm2,1,151,I,17,26,2,-0.34,8.52,-11.24,4.82,6.20,4.61,1
2nq2A,hm2,1,152,L,17,26,2,2.93,9.59,-10.51,4.72,4.98,2.25,1
2nq2A,hm2,1,153,I,17,26,2,1.98,12.31,-8.52,7.22,7.03,6.38,1
2nq2A,hm2,1,154,G,17,26,2,-0.12,10.42,-6.47,8.48,8.71,8.45,1
2nq2A,hm2,1,155,M,17,26,2,2.41,8.09,-5.93,5.03,6.41,3.38,1
2nq2A,hm2,1,156,I,17,26,2,4.47,10.52,-4.48,7.33,6.32,2.94,1
2nq2A,hm2,1,157,L,17,26,2,2.02,11.64,-2.19,8.86,8.92,8.21,1
2nq2A,hm2,1,159,G,17,26,2,4.63,8.01,0.00,7.70,5.14,2.73,1
2nq2A,hm2,1,160,L,17,26,2,4.79,10.98,1.78,6.53,5.79,3.36,1
2nq2A,hm2,1,162,S,17,26,2,2.73,6.97,4.63,5.77,6.10,4.55,1
2nq2A,hm2,1,163,A,17,26,2,5.81,8.28,5.96,8.03,5.95,2.29,1
2nq2A,hm2,1,164,L,17,26,2,4.26,10.64,8.02,5.42,5.39,4.38,1
2nq2A,hm2,1,165,V,17,26,2,2.18,8.19,9.40,7.58,8.33,7.34,1
2nq2A,hm2,1,166,S,17,26,2,5.01,6.30,10.32,6.86,5.82,2.24,1
2nq2A,hm2,1,167,L,17,26,2,6.46,9.02,11.93,5.01,5.22,2.31,1
2nq2A,hm2,1,168,L,17,26,2,3.80,9.68,14.08,6.61,7.87,6.54,1
2nq2A,hm2,1,169,Q,17,26,2,3.45,6.34,15.26,7.70,7.16,6.12,1
2nq2A,hm2,1,170,Y,17,26,2,6.99,6.31,16.03,6.23,4.73,1.57,1
2nq2A,hm2,1,193,N,17,26,2,-23.72,8.63,14.32,3.66,3.87,3.66,0
2nq2A,hm2,1,205,L,17,26,2,-25.53,14.65,-2.12,2.41,3.03,2.41,0
2nq2A,hm2,1,210,I,17,26,2,-23.03,16.30,-10.13,3.57,4.49,3.57,0
2nq2A,hm2,1,212,L,17,26,2,-25.25,12.26,-12.11,4.01,4.79,4.01,0
2nq2A,hm2,1,213,S,17,26,2,-25.44,15.20,-14.21,1.41,1.48,1.41,0
2nq2A,hm2,1,241,L,17,26,2,-14.50,18.08,-11.73,3.72,4.04,3.72,0
2nq2A,hm2,1,242,V,17,26,2,-14.25,14.58,-11.31,8.03,8.41,8.03,0
2nq2A,hm2,1,244,F,17,26,2,-12.83,16.80,-6.96,4.47,4.88,4.47,0
2nq2A,hm2,1,248,S,17,26,2,-14.56,14.74,-1.75,7.19,7.53,7.19,0
2nq2A,hm2,1,256,I,17,26,2,-16.36,9.23,9.41,8.48,10.74,8.48,0
2nq2A,hm2,1,259,S,17,26,2,-9.62,3.29,5.80,8.38,8.55,8.32,1
2nq2A,hm2,1,261,G,17,26,2,-10.85,-0.84,0.69,6.99,7.77,6.38,1
2nq2A,hm2,1,269,H,17,26,2,-17.47,-4.47,-12.45,4.99,5.44,4.99,0
2nq2A,hm2,1,272,R,17,26,2,-20.87,-3.67,-16.02,5.37,6.18,5.37,0
2nq2A,hm2,1,273,M,17,26,2,-22.36,-6.91,-15.64,1.77,4.60,1.77,0
2nq2A,hm2,1,284,P,17,26,2,-26.81,4.36,-10.52,5.13,5.41,5.13,0
2nq2A,hm2,1,293,Y,17,26,2,-22.22,-4.30,-0.36,7.37,8.27,7.37,0
2nq2A,hm2,1,296,L,17,26,2,-23.33,-6.76,3.93,4.27,4.83,4.27,0
2nq2A,hm2,1,297,V,17,26,2,-20.05,-6.25,5.15,7.51,10.40,7.51,0
2nq2A,hm2,1,300,V,17,26,2,-20.56,-9.16,9.10,4.24,7.48,4.24,0
2nq2A,hm2,1,301,A,17,26,2,-18.60,-7.29,11.35,8.22,8.70,8.22,0
2nq2A,hm2,1,303,S,17,26,2,-21.96,-11.30,13.14,2.50,4.53,2.50,0
2nq2A,hm2,1,304,L,17,26,2,-18.79,-12.71,12.96,3.00,3.64,3.00,1
2nq2A,hm2,1,309,I,17,26,2,-14.16,-6.22,13.07,7.72,7.36,5.91,1
2nq2A,hm2,1,310,P,17,26,2,-12.58,-3.83,11.08,8.65,7.72,6.63,1
2nq2A,hm2,1,313,I,17,26,2,-10.60,-6.64,7.03,8.22,5.12,3.71,1
2nq2A,hm2,1,316,A,17,26,2,-10.04,-7.66,1.91,8.85,5.85,4.14,1
2nq2A,hm2,1,317,L,17,26,2,-11.27,-10.97,2.64,5.39,4.80,2.39,1
2nq2A,hm2,1,319,G,17,26,2,-12.57,-8.64,-2.20,7.99,7.09,6.80,1
2nq2A,hm2,1,320,A,17,26,2,-9.73,-10.30,-3.14,8.45,5.12,3.13,1
2nq2A,hm2,1,321,P,17,26,2,-11.35,-13.34,-3.81,3.40,3.70,1.81,1
2nq2A,hm2,1,322,L,17,26,2,-13.88,-11.63,-5.60,4.25,4.47,4.09,1
2nq2A,hm2,1,323,F,17,26,2,-11.47,-10.27,-7.70,7.11,6.56,4.82,1
2nq2A,hm2,1,324,G,17,26,2,-10.40,-13.32,-8.74,4.83,3.46,1.96,1
2nq2A,hm2,1,325,V,17,26,2,-13.56,-14.50,-9.58,1.84,2.14,1.75,1
2nq2A,hm2,1,326,L,17,26,2,-14.06,-11.70,-11.70,4.24,5.87,4.18,1
2nq2A,hm2,1,327,V,17,26,2,-10.99,-12.34,-13.41,3.67,2.90,1.54,1
2nq2A,hm2,1,328,Y,17,26,2,-11.51,-15.74,-13.89,1.53,2.74,1.15,1
2nq2A,hm2,1,329,K,17,26,2,-14.46,-14.69,-15.73,1.01,1.44,1.01,0
