1.53,1
4.27,1
4.25,1
3.32,1
5.75,1
8.41,1
6.17,1
3.09,1
5.68,1
6.80,1
2.73,1
2.99,1
7.07,1
4.38,1
2.43,1
5.41,1
6.38,1
2.52,1
2.43,1
5.45,1
5.57,1
2.21,1
2.87,1
2.61,0
7.63,0
5.08,0
3.22,0
7.60,0
3.45,0
4.04,0
6.51,0
3.06,0
6.17,0
7.50,0
2.67,0
2.69,0
6.48,0
3.92,0
2.40,0
2.88,0
6.00,0
5.90,0
3.55,0
3.84,0
1.15,0
3.31,0
0.11,0
1.80,0
6.38,0
7.72,0
3.20,0
4.15,0
7.06,0
5.49,0
2.04,0
4.02,0
7.69,0
5.25,0
2.88,0
8.15,0
8.45,0
3.72,0
6.93,0
7.42,0
4.61,0
4.18,0
6.12,0
7.59,0
6.03,0
3.12,0
7.30,0
1.23,0
4.18,0
5.82,0
4.62,0
3.39,0
6.68,0
6.59,0
3.47,0
5.21,0
6.13,0
6.42,0
3.41,0
6.53,0
8.46,0
3.76,0
6.00,0
6.41,0
5.11,0
3.33,0
6.76,0
4.64,0
1.38,0
1.24,0
5.17,0
6.99,0
4.38,0
3.84,0
6.48,0
6.12,0
4.46,0
5.52,0
4.25,0
6.60,0
4.23,0
5.83,0
5.44,0
5.97,1
5.64,0
6.85,0
8.09,1
3.35,1
5.59,0
5.92,0
8.48,0
6.66,0
8.27,0
8.16,0
7.14,0
7.90,0
7.46,0
7.13,0
7.46,0
6.55,0
5.44,0
8.14,0
8.06,0
2.93,0
3.81,0
6.72,0
2.96,0
6.13,0
6.70,0
8.13,0
1.96,0
7.77,0
7.19,0
3.46,0
6.00,0
8.10,0
7.92,0
8.37,0
8.38,0
8.38,0
7.93,0
6.21,0
7.76,0
7.99,0
7.84,0
7.90,0
4.39,0
5.88,0
4.20,0
1.32,0
7.48,0
4.50,0
1.03,0
3.60,0
7.65,0
3.86,0
2.60,0
7.51,0
7.89,0
2.63,0
3.60,0
6.76,0
2.38,0
4.11,0
5.74,0
2.44,0
6.91,0
5.73,0
4.60,0
6.80,0
4.93,0
2.27,0
7.29,0
8.00,0
2.22,0
3.70,0
3.77,0
2.10,0
6.34,0
8.00,0
2.91,0
3.17,0
7.66,0
6.11,0
1.83,0
4.55,0
8.28,0
4.85,0
0.73,0
2.79,0
3.76,0
3.27,0
8.08,0
6.12,0
6.05,0
6.83,0
8.43,0
6.38,0
8.42,0
7.51,0
4.37,0
7.95,0
5.04,0
4.37,0
8.11,0
2.83,0
6.23,0
5.64,0
3.34,0
5.61,0
3.34,0
8.13,0
7.72,0
2.92,0
6.91,0
7.00,0
5.97,0
6.32,0
8.19,0
7.58,0
8.13,0
3.75,1
4.17,1
6.90,0
2.28,1
4.73,1
4.61,1
1.58,1
6.13,1
7.62,1
2.57,1
6.58,1
7.26,1
4.86,1
6.80,1
6.53,0
3.22,0
7.64,0
6.01,0
4.87,0
6.15,0
8.16,0
5.50,0
5.62,0
7.79,0
4.98,0
6.74,0
5.57,0
4.59,0
3.99,0
1.15,0
0.67,0
1.13,0
5.47,0
4.59,0
2.39,0
6.31,0
5.39,0
2.45,0
4.76,0
6.22,0
2.14,0
5.46,0
7.78,0
3.07,0
2.35,0
6.53,0
5.11,0
1.92,0
4.50,0
5.98,0
2.81,0
1.64,0
2.53,0
3.82,0
4.04,0
2.21,0
5.71,0
1.85,1
4.00,1
8.28,1
3.84,1
2.02,1
4.61,1
7.54,0
2.34,1
2.17,1
6.13,1
5.01,1
2.08,1
2.92,1
7.47,0
4.72,1
1.97,1
5.27,1
8.01,0
6.04,1
4.77,0
2.83,0
7.24,0
6.98,0
4.10,0
4.01,0
6.88,0
6.43,0
2.50,0
3.94,0
5.45,0
3.54,0
1.83,0
3.02,0
6.08,0
2.20,0
3.58,0
4.44,0
5.83,0
6.00,0
8.31,0
4.12,0
2.73,0
4.32,0
6.64,0
2.63,1
5.44,0
7.03,0
5.23,1
2.29,0
3.63,0
6.94,0
3.52,1
2.27,0
5.47,0
5.35,1
2.21,1
5.54,0
6.06,1
2.70,1
4.18,0
7.35,0
4.78,1
2.16,1
5.79,1
6.49,0
4.73,0
2.86,0
7.47,0
6.19,1
2.71,1
4.65,1
6.92,1
2.58,1
1.47,1
6.38,1
6.13,1
3.38,1
3.17,1
4.66,1
5.98,1
3.08,1
4.08,1
5.89,1
6.38,1
2.33,1
3.76,1
7.62,1
6.87,1
3.98,1
2.91,1
1.08,1
5.65,1
5.78,1
1.04,1
4.59,1
5.61,0
3.13,0
3.55,1
6.63,1
5.95,0
3.71,0
7.27,0
7.20,0
7.55,0
6.27,0
8.12,0
7.67,0
7.84,0
7.47,0
6.87,0
6.21,0
6.85,0
5.87,0
3.74,0
1.81,0
3.31,0
6.38,0
2.50,0
2.11,0
4.92,0
5.71,0
2.24,0
2.51,0
6.71,0
4.88,0
2.04,0
4.78,0
6.54,0
2.90,0
3.37,0
6.95,0
5.73,0
2.78,0
5.54,0
8.36,0
5.34,0
3.51,0
1.22,0
0.89,0
4.21,0
5.01,0
1.87,0
2.28,0
6.71,0
3.41,0
2.27,0
4.22,0
6.42,0
2.14,0
2.25,0
6.06,0
5.64,0
3.28,0
2.84,0
7.17,0
6.62,0
4.65,0
5.28,0
7.38,0
4.68,0
6.74,0
7.58,0
7.49,0
4.93,0
7.93,0
7.74,0
8.04,0
3.58,1
1.83,1
7.36,0
7.18,1
6.04,0
6.79,0
6.13,0
8.31,0
1.48,0
4.24,0
7.49,0
6.32,0
3.67,0
8.39,0
7.53,0
4.36,0
5.40,0
4.28,0
8.28,0
2.49,0
5.07,0
3.85,0
2.00,0
3.74,1
4.52,0
0.97,0
2.19,1
6.54,0
4.61,1
2.25,1
6.38,1
8.45,1
3.38,1
2.94,1
8.21,1
6.91,1
2.73,1
3.36,1
4.55,1
2.29,1
4.38,1
7.34,1
2.24,1
2.31,1
6.54,1
6.12,1
1.57,1
3.66,0
3.54,0
1.93,0
6.40,0
7.34,0
2.20,0
4.70,0
4.20,0
1.98,0
5.81,0
7.63,0
2.41,0
2.88,0
8.02,0
6.81,0
2.11,0
3.57,0
8.22,0
4.01,0
1.41,0
5.29,0
5.03,0
3.77,0
3.72,0
8.03,0
7.23,0
4.47,0
7.22,0
7.19,0
8.48,0
8.32,1
6.38,1
7.79,1
7.15,1
7.60,1
4.99,0
5.04,0
5.37,0
1.77,0
4.92,0
5.13,0
8.45,0
8.03,0
7.97,0
7.37,0
4.27,0
7.51,0
7.38,0
4.24,0
8.22,0
5.33,0
2.50,0
3.00,1
1.36,1
5.91,1
6.63,1
7.95,1
3.71,1
6.97,1
4.14,1
2.39,1
4.71,1
6.80,1
3.13,1
1.81,1
4.09,1
4.82,1
1.96,1
1.75,1
4.18,1
1.54,1
1.15,1
1.01,0
2.04,0
2.31,0
2.66,0
4.83,0
6.50,0
4.29,0
6.35,0
7.57,0
6.81,0
6.32,0
8.24,0
7.88,1
3.93,1
7.37,0
8.46,0
3.21,0
5.65,0
6.66,0
2.67,0
7.81,0
2.84,0
3.59,0
8.06,0
4.65,0
2.16,0
4.93,0
4.95,0
2.98,0
2.24,0
5.09,0
2.48,0
2.22,0
6.83,1
3.49,0
4.87,0
6.05,1
7.62,0
5.34,0
4.50,0
4.40,0
4.52,0
6.51,0
2.64,0
8.02,0
4.00,0
5.32,0
4.48,0
2.11,0
3.25,0
2.34,0
1.18,0
7.12,0
7.61,0
3.12,0
5.32,0
5.50,1
2.90,0
3.94,1
6.57,1
5.54,1
8.36,1
5.83,1
5.80,0
7.78,1
2.65,1
5.67,1
8.29,1
5.31,1
4.13,1
8.19,1
5.92,1
6.79,1
7.92,1
6.24,0
7.67,0
7.94,0
3.48,0
6.51,1
5.29,0
1.24,1
3.83,1
4.89,1
2.07,1
6.78,1
3.64,1
3.62,1
7.21,1
1.96,1
5.29,1
7.05,1
2.64,1
2.09,1
5.44,1
4.40,1
0.98,1
5.66,0
4.38,0
1.33,0
3.36,0
6.38,0
2.70,0
2.95,0
7.75,0
5.32,0
1.90,0
5.95,0
3.32,0
5.40,0
3.32,1
2.63,0
1.54,0
1.30,0
3.56,0
7.97,0
7.97,0
3.32,0
7.92,0
6.90,0
4.49,0
6.33,0
5.97,0
6.18,0
6.78,0
7.73,0
7.24,0
5.07,0
1.05,0
4.53,0
7.36,0
3.88,0
3.00,0
8.24,0
8.21,0
3.39,0
4.57,0
6.41,0
3.49,0
3.58,0
5.32,0
6.60,0
3.75,0
7.96,0
4.63,0
6.54,0
6.22,0
3.34,0
6.14,0
6.88,0
5.97,0
7.10,0
4.80,0
8.33,0
5.65,0
5.02,0
6.64,0
6.65,0
2.73,0
7.63,0
8.26,0
4.69,0
4.49,0
4.90,0
5.93,0
4.08,0
7.07,0
6.32,0
8.30,0
7.79,0
7.74,0
7.73,0
8.18,0
8.34,0
8.27,0
5.51,1
2.95,0
1.84,1
6.20,0
5.98,0
1.85,1
3.23,1
8.35,0
3.60,0
2.02,1
6.14,1
4.21,0
2.84,1
7.71,1
3.61,1
6.42,1
3.67,0
0.91,1
1.40,1
5.34,1
6.73,1
7.67,1
4.59,1
3.10,1
7.55,1
7.31,1
2.67,1
4.53,1
7.40,0
4.68,0
3.13,1
4.93,1
8.37,0
6.00,0
3.21,1
4.81,1
8.31,0
4.54,0
2.44,1
5.76,1
7.97,0
2.65,0
3.30,1
6.76,0
2.84,0
5.71,0
7.27,0
3.99,0
3.91,0
7.26,0
6.59,0
2.39,0
5.45,0
7.35,0
3.93,0
2.57,0
6.98,0
6.63,0
3.09,0
4.43,0
7.21,0
4.61,0
2.66,0
7.44,0
6.71,0
3.97,0
5.72,0
7.59,0
6.63,0
2.01,0
3.27,0
4.78,0
7.15,0
3.45,0
6.52,0
7.29,0
5.78,0
4.79,0
6.98,0
8.33,0
5.77,0
7.71,0
5.80,0
3.48,0
5.86,0
7.37,0
6.72,0
2.75,0
4.58,0
8.02,0
6.67,0
2.74,0
6.08,0
8.47,0
4.24,0
3.22,0
6.97,0
2.31,0
4.70,0
5.11,0
2.56,0
7.60,0
4.67,0
4.01,0
5.89,0
2.48,0
8.37,0
7.57,0
6.40,0
6.47,0
8.31,0
4.62,0
8.41,0
7.17,0
4.65,0
7.88,0
3.31,0
5.62,0
7.79,0
3.28,0
5.66,0
6.19,0
6.84,0
4.73,0
6.10,0
5.31,0
2.29,0
3.61,0
1.28,0
4.23,0
8.33,0
6.42,0
4.04,0
6.98,0
7.15,0
6.61,0
6.12,0
4.74,0
7.39,0
7.76,0
7.40,0
5.19,0
7.40,0
8.20,0
4.14,1
7.21,0
2.60,0
2.02,1
2.97,1
7.14,0
5.09,0
2.78,0
3.49,1
6.93,0
3.32,0
1.21,0
4.98,0
6.87,0
1.71,0
4.35,0
7.43,0
4.20,0
1.81,0
5.67,0
3.08,1
2.80,1
2.15,1
4.40,1
3.53,1
2.28,1
3.28,1
4.15,0
4.21,1
3.23,1
5.37,1
5.75,0
5.03,0
2.99,1
3.36,1
6.41,0
4.05,0
2.30,1
4.80,0
7.28,0
2.54,0
2.80,1
7.19,0
5.12,0
2.16,1
7.26,0
3.33,0
2.99,0
6.97,0
6.26,0
2.21,0
4.36,0
6.47,0
3.98,0
2.04,0
6.43,0
5.89,0
2.68,0
4.71,0
6.72,0
4.09,0
2.69,0
6.73,0
4.84,0
2.34,0
4.61,0
4.75,0
3.76,1
4.29,0
5.96,0
5.24,0
5.32,0
6.73,0
4.43,0
6.74,0
4.45,0
6.17,0
6.98,0
4.67,0
6.78,0
7.01,0
6.46,0
8.18,0
2.77,0
4.45,0
3.70,0
1.52,0
2.06,0
2.41,0
1.92,0
2.42,0
2.31,0
4.27,0
2.19,0
1.69,0
3.40,0
3.53,0
1.92,0
2.11,1
5.42,0
2.98,0
1.98,1
3.42,1
5.75,1
2.14,0
2.12,1
6.09,1
3.64,0
1.97,0
1.12,1
2.51,1
6.04,1
2.28,0
2.99,1
5.12,1
4.26,0
1.72,0
3.88,0
5.25,0
2.94,0
3.52,0
4.79,0
4.87,0
2.75,0
6.01,1
4.46,0
2.83,0
3.61,1
3.15,1
1.03,1
2.29,1
5.51,1
1.70,1
1.44,1
2.88,1
3.83,1
2.18,1
2.98,1
3.94,1
2.80,1
1.72,1
2.36,1
3.07,1
3.21,1
1.97,1
2.52,1
1.96,1
2.07,1
4.86,1
3.71,1
1.18,0
2.69,0
8.25,0
3.95,0
1.88,0
5.65,0
7.65,0
3.70,0
2.52,0
7.73,0
7.71,0
3.23,0
4.29,0
7.47,0
2.79,0
5.53,0
7.59,0
3.00,0
5.64,1
7.88,0
3.16,1
6.60,1
5.32,1
3.28,1
7.36,1
4.27,1
0.25,1
1.51,1
4.62,1
1.12,1
1.13,1
4.30,1
4.42,1
1.70,1
1.31,1
5.71,1
5.06,1
1.89,1
4.93,1
4.77,1
1.65,1
2.52,1
0.67,1
4.48,1
1.84,1
1.74,0
5.26,0
5.59,0
3.19,0
7.25,0
7.85,0
5.61,0
3.23,1
6.93,1
7.63,0
6.47,1
3.92,1
6.37,1
7.39,0
7.30,1
4.68,1
4.19,1
5.59,1
5.21,1
1.72,1
5.37,1
2.85,0
0.94,1
3.10,1
6.12,1
1.90,1
1.24,1
4.03,1
5.19,1
3.24,1
2.30,1
7.02,1
6.62,1
4.65,1
2.98,1
7.57,1
8.07,1
5.35,1
6.09,0
4.90,1
2.80,1
6.72,0
5.42,1
5.38,1
4.24,1
6.04,1
3.25,1
1.86,1
3.15,1
5.44,1
1.82,1
0.99,1
3.14,1
2.98,1
7.11,0
2.82,0
4.96,0
1.44,0
3.78,0
3.76,0
2.04,0
5.49,0
4.51,0
2.64,0
8.23,0
3.18,0
4.94,0
5.70,0
2.68,0
7.20,0
2.88,0
2.62,0
6.11,0
2.09,0
4.43,0
8.17,0
4.15,0
1.71,0
4.94,0
7.63,0
2.34,0
1.72,0
5.39,0
6.51,0
2.31,0
3.14,0
5.89,0
2.76,0
5.82,0
6.91,0
4.22,0
5.75,0
4.30,0
8.00,0
7.48,0
4.87,0
5.86,0
7.18,0
4.09,0
8.41,0
4.50,0
5.63,0
6.22,0
6.74,0
6.01,0
5.97,0
6.78,0
2.90,0
7.02,0
6.56,0
2.42,0
2.27,0
7.66,0
3.94,0
0.69,0
7.59,0
7.92,0
7.96,0
7.68,0
4.94,0
6.40,0
3.39,0
2.89,0
5.10,0
5.27,0
4.29,0
8.25,0
3.41,0
5.82,0
7.45,0
2.52,0
6.09,0
4.84,0
2.16,0
6.72,0
3.61,0
3.02,0
8.45,0
8.16,0
3.46,0
5.11,0
7.47,0
2.76,0
5.35,0
6.54,0
5.35,0
6.98,0
5.08,0
6.09,0
5.31,0
7.96,0
3.66,0
6.53,0
7.73,0
3.55,1
3.44,1
6.65,1
1.73,1
4.18,1
4.53,1
2.43,1
7.56,1
8.21,1
2.45,1
3.85,1
6.21,1
2.39,1
6.23,1
5.78,1
2.28,1
7.86,1
8.11,1
8.08,0
8.08,1
6.81,1
6.85,1
6.62,1
2.19,1
3.85,1
1.28,1
2.88,1
1.49,1
6.77,1
4.68,1
4.36,1
7.65,1
3.08,1
5.26,1
6.38,1
3.45,1
8.32,1
2.94,1
3.37,1
7.30,1
2.64,1
6.12,1
3.21,0
3.21,0
7.24,0
2.60,0
5.43,1
6.28,0
2.75,0
7.00,0
4.62,0
2.74,0
5.96,0
4.80,0
7.18,1
3.77,1
6.61,1
4.37,1
6.84,1
8.10,1
8.11,0
8.29,0
6.72,0
7.63,0
6.48,0
1.86,0
4.43,0
7.76,0
4.18,0
2.09,0
6.93,0
8.26,0
3.80,0
4.06,0
7.25,0
2.76,0
7.21,0
4.14,0
4.25,0
6.12,0
3.13,0
7.24,0
7.74,0
2.17,0
8.04,0
4.39,0
4.60,0
7.63,0
7.92,0
6.85,0
5.57,0
5.26,0
7.99,0
5.49,0
4.29,0
7.98,0
6.04,0
6.65,0
4.47,0
1.27,0
0.17,0
2.16,0
5.09,0
6.80,0
3.47,0
5.38,0
6.81,0
8.37,0
7.11,0
6.73,0
8.23,1
8.43,0
8.28,1
7.91,1
7.50,1
7.06,1
6.05,1
8.45,1
8.14,1
1.83,1
0.47,1
3.75,1
1.94,1
1.16,1
2.83,1
7.01,1
3.73,1
2.59,1
4.86,1
8.01,1
3.24,1
2.00,1
6.05,1
6.87,1
2.13,1
2.86,1
8.34,1
5.06,1
1.26,1
6.06,1
4.03,1
7.97,1
7.85,1
7.58,1
3.27,1
5.73,1
7.63,1
4.09,1
2.78,1
8.05,1
6.22,0
1.80,1
3.90,1
4.64,0
3.16,1
7.84,1
7.45,0
2.33,0
4.53,1
3.06,0
2.46,0
2.34,0
3.29,0
7.71,0
5.81,0
2.13,0
7.04,0
3.61,0
4.29,0
6.87,0
3.02,0
7.40,0
4.05,0
5.39,0
8.17,0
6.65,0
3.35,0
7.30,0
7.43,0
3.95,0
4.83,0
5.60,0
4.22,0
4.51,0
6.53,0
6.49,0
4.27,0
7.45,0
7.01,0
5.76,0
6.23,0
5.27,0
2.89,0
6.55,0
7.69,0
2.35,0
1.60,0
2.26,0
6.32,1
5.89,0
2.02,0
4.25,0
7.58,0
2.95,0
3.00,0
7.86,1
6.77,0
2.87,0
4.70,0
8.11,0
6.39,0
3.01,0
7.03,0
6.78,0
5.46,0
3.73,0
8.05,1
7.53,0
4.02,0
7.52,1
7.83,1
8.27,0
6.56,0
2.77,1
3.33,1
8.06,1
4.40,1
2.44,1
5.32,1
7.11,1
2.52,1
3.05,1
7.09,1
3.59,1
2.01,1
5.03,1
6.87,1
2.49,1
3.20,1
7.58,1
5.47,1
2.42,1
4.50,1
3.95,1
1.94,1
6.20,1
5.31,0
5.53,1
6.20,0
4.98,0
3.50,0
5.99,0
5.49,0
1.90,0
4.14,0
6.46,0
4.57,0
1.87,0
4.45,0
6.77,0
4.66,0
2.10,0
4.14,0
8.15,0
4.00,0
1.17,0
2.68,0
4.51,0
2.66,0
2.43,0
7.34,0
6.08,0
2.66,0
6.16,0
8.10,0
3.51,0
2.78,0
6.83,0
5.23,0
2.07,0
4.14,0
7.35,0
3.63,0
2.06,0
5.60,0
8.08,0
3.61,0
1.87,0
3.23,1
1.73,1
3.11,1
6.90,1
2.59,1
1.98,1
4.75,1
7.02,1
2.54,1
2.46,1
6.49,1
6.03,1
2.41,1
3.04,1
7.40,1
4.79,1
2.00,1
3.96,1
8.21,1
5.00,1
2.17,1
5.57,1
8.27,1
7.29,1
6.51,1
6.15,1
7.77,0
8.36,1
4.78,1
5.47,1
6.90,0
7.12,1
2.73,1
4.74,1
6.69,0
6.03,1
1.73,1
5.05,0
5.80,0
2.84,1
3.17,0
6.72,0
7.12,0
3.29,0
3.33,1
3.57,0
6.37,1
2.43,0
6.61,0
4.00,0
3.96,0
7.80,0
3.23,0
7.47,0
4.34,0
3.37,0
2.74,0
1.65,0
5.30,0
8.34,0
4.99,0
4.56,0
4.05,0
7.08,0
6.52,0
4.55,0
6.92,0
6.96,0
8.20,0
5.18,1
7.05,1
3.75,1
2.32,1
5.92,1
6.45,1
4.67,1
3.45,1
8.07,0
7.87,1
4.76,1
5.34,1
4.45,1
7.35,1
8.36,1
3.62,1
5.59,0
6.91,0
7.50,1
3.61,1
2.02,1
6.99,0
3.39,1
5.62,1
7.20,1
4.28,1
4.90,1
5.27,1
6.12,1
3.09,1
5.73,1
4.53,1
3.57,1
0.30,0
0.54,0
4.10,0
5.47,0
4.28,0
6.63,0
8.05,0
7.37,0
6.04,0
6.66,0
7.47,0
3.52,0
7.77,0
3.93,0
1.61,0
3.44,0
5.61,0
3.44,0
4.21,0
5.36,0
8.25,0
3.45,0
6.51,0
5.61,1
3.36,0
7.49,0
6.46,1
2.21,1
4.23,0
5.97,1
1.97,1
1.15,1
3.59,1
1.12,0
5.50,0
3.91,0
1.13,0
4.18,0
8.00,0
2.83,0
2.24,0
6.50,0
6.32,0
2.12,0
3.54,0
8.43,0
4.79,0
2.32,0
6.42,0
8.15,0
4.23,0
4.05,0
7.79,0
8.47,0
8.40,0
7.83,0
7.94,0
7.52,0
6.81,0
7.51,0
7.84,0
8.20,0
5.92,0
7.72,0
7.44,0
6.93,0
6.97,0
3.28,0
5.66,0
6.70,0
6.01,0
2.84,0
6.80,0
7.66,0
3.43,0
4.27,0
6.31,0
2.55,0
7.04,0
3.21,0
4.70,0
5.60,0
3.45,0
6.28,0
3.22,1
1.32,1
3.00,1
2.40,1
6.24,1
5.08,1
2.83,1
6.16,1
7.24,0
3.24,1
3.37,1
8.09,1
5.47,0
1.98,0
5.18,0
7.75,0
2.97,0
2.53,0
6.15,0
5.60,0
1.92,0
3.79,0
5.89,0
4.36,0
3.56,0
1.98,1
4.96,0
3.10,1
2.08,1
4.67,1
5.69,0
4.94,1
2.91,1
7.24,1
7.94,0
3.43,1
6.00,1
6.93,1
3.85,1
8.34,1
5.13,1
5.66,1
6.63,1
7.05,1
3.39,1
4.19,1
6.44,1
2.58,1
5.03,0
7.59,1
3.60,1
2.97,1
7.64,1
6.04,1
2.21,1
5.67,1
3.92,1
3.15,1
8.31,0
6.63,1
2.61,1
6.04,1
5.04,1
3.04,1
6.15,0
5.81,0
0.74,1
0.59,0
2.01,1
3.06,1
4.45,0
1.85,1
2.96,1
7.03,1
4.77,1
2.31,1
3.36,1
7.44,1
2.70,1
1.97,1
6.08,1
2.12,1
1.24,1
3.44,1
5.50,1
3.09,1
4.55,1
6.44,1
3.17,1
7.15,1
2.36,1
2.53,1
7.90,1
4.28,1
2.44,1
5.82,1
7.27,1
2.50,1
2.97,1
4.58,1
2.46,1
6.13,1
7.66,1
2.88,1
3.96,1
7.53,1
3.61,1
1.47,1
3.29,1
3.36,0
4.61,0
6.55,1
8.19,1
5.49,0
5.52,0
5.50,0
7.63,0
3.16,0
7.59,1
4.52,0
4.75,0
6.15,0
2.60,0
6.57,1
3.93,0
1.54,1
0.91,1
1.71,1
3.20,1
1.99,1
2.35,1
5.73,1
4.45,1
2.21,1
3.34,1
7.07,1
3.22,1
1.97,1
3.45,1
6.72,1
2.41,1
2.12,1
6.25,1
2.47,1
1.39,1
4.19,1
5.88,1
2.19,1
2.88,1
1.65,1
3.88,1
1.05,1
1.81,1
6.73,1
2.83,1
2.10,1
4.54,1
5.48,1
1.71,1
2.56,1
6.72,1
3.40,1
2.15,1
5.05,1
6.17,1
2.18,1
3.50,1
6.93,1
2.66,1
1.05,1
1.00,1
4.18,1
3.49,1
7.55,1
6.80,1
5.49,0
4.72,0
8.44,1
3.54,0
4.13,0
7.85,1
5.83,0
2.06,0
6.13,1
7.43,1
3.12,0
4.30,0
8.03,1
5.14,0
2.33,0
6.47,1
6.68,1
0.95,1
0.99,1
2.48,1
3.25,1
2.27,1
1.82,1
2.03,1
2.12,1
2.13,1
1.20,1
2.59,1
2.23,1
1.94,1
2.18,1
4.34,1
2.03,1
1.29,1
3.38,1
4.09,1
1.73,1
3.01,1
5.04,1
1.41,1
1.58,1
5.14,1
4.33,1
1.24,1
1.78,1
7.38,1
1.74,1
3.05,1
6.85,1
4.16,1
1.40,1
3.30,1
7.75,1
3.66,1
7.25,1
8.07,1
3.58,1
7.07,1
3.52,1
3.41,1
1.07,0
1.56,1
6.42,1
4.16,0
1.39,1
2.11,1
7.25,1
3.31,1
1.80,1
4.12,1
4.14,1
2.30,1
6.09,1
3.47,1
2.15,1
6.23,1
7.67,1
2.34,1
1.93,1
7.01,1
5.92,0
2.12,1
3.19,1
7.86,1
2.91,0
0.99,1
2.98,1
7.65,1
4.48,0
3.18,0
8.26,0
6.36,0
4.76,0
6.80,0
5.65,0
7.06,0
6.14,0
6.22,0
7.99,0
5.43,0
8.17,0
1.32,1
4.24,1
8.32,1
4.16,1
3.86,1
5.41,1
6.03,1
5.83,1
5.67,1
7.08,1
5.41,1
5.58,0
7.49,1
3.51,0
6.88,0
7.18,1
3.20,0
6.75,0
